-- phpMyAdmin SQL Dump
-- version 5.2.1
-- https://www.phpmyadmin.net/
--
-- Host: 127.0.0.1
-- Generation Time: Dec 05, 2024 at 05:06 AM
-- Server version: 10.4.28-MariaDB
-- PHP Version: 8.2.4

SET SQL_MODE = "NO_AUTO_VALUE_ON_ZERO";
START TRANSACTION;
SET time_zone = "+00:00";


/*!40101 SET @OLD_CHARACTER_SET_CLIENT=@@CHARACTER_SET_CLIENT */;
/*!40101 SET @OLD_CHARACTER_SET_RESULTS=@@CHARACTER_SET_RESULTS */;
/*!40101 SET @OLD_COLLATION_CONNECTION=@@COLLATION_CONNECTION */;
/*!40101 SET NAMES utf8mb4 */;

--
-- Database: `inventory`
--

-- --------------------------------------------------------

--
-- Table structure for table `tb_admin`
--

CREATE TABLE `tb_admin` (
  `id_admin` int(11) NOT NULL,
  `username` varchar(255) NOT NULL,
  `password` varchar(255) NOT NULL,
  `nama` varchar(255) NOT NULL,
  `telepon` varchar(255) NOT NULL,
  `foto` varchar(255) NOT NULL
) ENGINE=InnoDB DEFAULT CHARSET=utf8mb4 COLLATE=utf8mb4_general_ci;

--
-- Dumping data for table `tb_admin`
--

INSERT INTO `tb_admin` (`id_admin`, `username`, `password`, `nama`, `telepon`, `foto`) VALUES
(12, 'admin', '0192023a7bbd73250516f069df18b500', 'admin', '0812838281', '23112024100923wp8323314-dark-city-aesthetic-wallpapers.jpg');

-- --------------------------------------------------------

--
-- Table structure for table `tb_ajuan`
--

CREATE TABLE `tb_ajuan` (
  `no_ajuan` int(11) NOT NULL,
  `tanggal` varchar(255) NOT NULL,
  `kode_brg` varchar(11) NOT NULL,
  `nama_brg` varchar(255) NOT NULL,
  `stok` int(11) NOT NULL,
  `jml_ajuan` int(11) NOT NULL,
  `petugas` varchar(255) NOT NULL,
  `val` int(11) NOT NULL
) ENGINE=InnoDB DEFAULT CHARSET=utf8mb4 COLLATE=utf8mb4_general_ci;

--
-- Dumping data for table `tb_ajuan`
--

INSERT INTO `tb_ajuan` (`no_ajuan`, `tanggal`, `kode_brg`, `nama_brg`, `stok`, `jml_ajuan`, `petugas`, `val`) VALUES
(23, '2024-12-04', '74232', 'Laptop', 46, 32, 'ahsan', 0),
(100, '2024-11-23', '99105', 'Handphone Maus', 1, 12, 'galangnh', 0);

-- --------------------------------------------------------

--
-- Table structure for table `tb_barang`
--

CREATE TABLE `tb_barang` (
  `kode_brg` int(11) NOT NULL,
  `nama_brg` varchar(255) NOT NULL,
  `stok` int(11) NOT NULL,
  `rak` varchar(255) NOT NULL,
  `supplier` varchar(255) NOT NULL
) ENGINE=InnoDB DEFAULT CHARSET=utf8mb4 COLLATE=utf8mb4_general_ci;

--
-- Dumping data for table `tb_barang`
--

INSERT INTO `tb_barang` (`kode_brg`, `nama_brg`, `stok`, `rak`, `supplier`) VALUES
(44532, 'Android', 29, 'RAK 002\r\n', 'PT.Galang Abadi Briges'),
(74232, 'Laptop', 135, 'RAK 003', 'Ermalan'),
(99105, 'Handphone Mausss', 1, 'RAK 002\r\n', 'PT.Galang Abadi Briges');

-- --------------------------------------------------------

--
-- Table structure for table `tb_barang_in`
--

CREATE TABLE `tb_barang_in` (
  `id_brg_in` int(11) NOT NULL,
  `tanggal` varchar(255) NOT NULL,
  `noinv` varchar(11) NOT NULL,
  `supplier` varchar(255) NOT NULL,
  `kode_brg` varchar(11) NOT NULL,
  `nama_brg` varchar(255) NOT NULL,
  `stok` int(11) NOT NULL,
  `jml_masuk` int(11) NOT NULL,
  `jam` varchar(255) NOT NULL,
  `petugas` varchar(255) NOT NULL
) ENGINE=InnoDB DEFAULT CHARSET=utf8mb4 COLLATE=utf8mb4_general_ci;

--
-- Dumping data for table `tb_barang_in`
--

INSERT INTO `tb_barang_in` (`id_brg_in`, `tanggal`, `noinv`, `supplier`, `kode_brg`, `nama_brg`, `stok`, `jml_masuk`, `jam`, `petugas`) VALUES
(12, '2024-12-04', '15', 'PT.Galang Abadi Briges', '44532', 'Android', 1, 16, '03:22 pm', 'ahsan'),
(13, '2024-12-04', '55', 'Ermalan53', '74232', 'Laptop', 4, 43, '07:20 pm', 'ahsan'),
(14, '2024-12-04', '1298378273', 'Ermalan', '74232', 'Laptop', 46, 89, 'dari sabang sampai merauke', ''),
(15, '2024-12-04', '3231', 'PT.Galang Abadi Briges', '44532', 'Android', 17, 12, '07:49 pm', '');

-- --------------------------------------------------------

--
-- Table structure for table `tb_barang_out`
--

CREATE TABLE `tb_barang_out` (
  `no_brg_out` int(11) NOT NULL,
  `no_ajuan` int(11) NOT NULL,
  `tanggal_ajuan` varchar(255) NOT NULL,
  `tanggal_out` varchar(255) NOT NULL,
  `petugas` varchar(255) NOT NULL,
  `kode_brg` varchar(11) NOT NULL,
  `nama_brg` varchar(255) NOT NULL,
  `stok` int(11) NOT NULL,
  `jml_ajuan` int(11) NOT NULL,
  `jml_keluar` int(11) NOT NULL,
  `admin` varchar(255) NOT NULL
) ENGINE=InnoDB DEFAULT CHARSET=utf8mb4 COLLATE=utf8mb4_general_ci;

--
-- Dumping data for table `tb_barang_out`
--

INSERT INTO `tb_barang_out` (`no_brg_out`, `no_ajuan`, `tanggal_ajuan`, `tanggal_out`, `petugas`, `kode_brg`, `nama_brg`, `stok`, `jml_ajuan`, `jml_keluar`, `admin`) VALUES
(0, 23, '2024-12-04', '2024-12-04', 'ahsan', '74232', 'Laptop', 47, 32, 1, 'admin'),
(100, 100, '2024-11-23', '2024-12-04', 'galangnh', '99105', 'Handphone Maus', 13, 12, 12, 'admin');

-- --------------------------------------------------------

--
-- Table structure for table `tb_petugas`
--

CREATE TABLE `tb_petugas` (
  `id_petugas` int(11) NOT NULL,
  `username` varchar(255) NOT NULL,
  `password` varchar(255) NOT NULL,
  `nama` varchar(255) NOT NULL,
  `telepon` varchar(255) NOT NULL
) ENGINE=InnoDB DEFAULT CHARSET=utf8mb4 COLLATE=utf8mb4_general_ci;

--
-- Dumping data for table `tb_petugas`
--

INSERT INTO `tb_petugas` (`id_petugas`, `username`, `password`, `nama`, `telepon`) VALUES
(2, 'ahsan', '8156e4c401ee1a3199dffbed5b25a96e', 'ahsan', '089342123444');

-- --------------------------------------------------------

--
-- Table structure for table `tb_rak`
--

CREATE TABLE `tb_rak` (
  `id_rak` int(11) NOT NULL,
  `nama_rak` varchar(255) NOT NULL
) ENGINE=InnoDB DEFAULT CHARSET=utf8mb4 COLLATE=utf8mb4_general_ci;

--
-- Dumping data for table `tb_rak`
--

INSERT INTO `tb_rak` (`id_rak`, `nama_rak`) VALUES
(2, 'RAK 002\r\n'),
(3, 'RAK 003'),
(5, 'RAK 004');

-- --------------------------------------------------------

--
-- Table structure for table `tb_sup`
--

CREATE TABLE `tb_sup` (
  `id_sup` int(11) NOT NULL,
  `nama_sup` varchar(255) NOT NULL,
  `kontak_sup` varchar(255) NOT NULL,
  `alamat_sup` text NOT NULL,
  `telepon_sup` varchar(255) NOT NULL
) ENGINE=InnoDB DEFAULT CHARSET=utf8mb4 COLLATE=utf8mb4_general_ci;

--
-- Dumping data for table `tb_sup`
--

INSERT INTO `tb_sup` (`id_sup`, `nama_sup`, `kontak_sup`, `alamat_sup`, `telepon_sup`) VALUES
(1, 'PT.Galang Abadi Briges', 'galang@gmail.com', 'Majalengka 911', '081081081'),
(9, 'Ermalan', 'Ermalan@gmail.com', 'Bantarujeg', '083211234321');

--
-- Indexes for dumped tables
--

--
-- Indexes for table `tb_admin`
--
ALTER TABLE `tb_admin`
  ADD PRIMARY KEY (`id_admin`);

--
-- Indexes for table `tb_ajuan`
--
ALTER TABLE `tb_ajuan`
  ADD PRIMARY KEY (`no_ajuan`);

--
-- Indexes for table `tb_barang`
--
ALTER TABLE `tb_barang`
  ADD PRIMARY KEY (`kode_brg`);

--
-- Indexes for table `tb_barang_in`
--
ALTER TABLE `tb_barang_in`
  ADD PRIMARY KEY (`id_brg_in`);

--
-- Indexes for table `tb_barang_out`
--
ALTER TABLE `tb_barang_out`
  ADD PRIMARY KEY (`no_brg_out`);

--
-- Indexes for table `tb_petugas`
--
ALTER TABLE `tb_petugas`
  ADD PRIMARY KEY (`id_petugas`);

--
-- Indexes for table `tb_rak`
--
ALTER TABLE `tb_rak`
  ADD PRIMARY KEY (`id_rak`);

--
-- Indexes for table `tb_sup`
--
ALTER TABLE `tb_sup`
  ADD PRIMARY KEY (`id_sup`);

--
-- AUTO_INCREMENT for dumped tables
--

--
-- AUTO_INCREMENT for table `tb_admin`
--
ALTER TABLE `tb_admin`
  MODIFY `id_admin` int(11) NOT NULL AUTO_INCREMENT, AUTO_INCREMENT=21;

--
-- AUTO_INCREMENT for table `tb_ajuan`
--
ALTER TABLE `tb_ajuan`
  MODIFY `no_ajuan` int(11) NOT NULL AUTO_INCREMENT, AUTO_INCREMENT=998;

--
-- AUTO_INCREMENT for table `tb_barang_in`
--
ALTER TABLE `tb_barang_in`
  MODIFY `id_brg_in` int(11) NOT NULL AUTO_INCREMENT, AUTO_INCREMENT=16;

--
-- AUTO_INCREMENT for table `tb_petugas`
--
ALTER TABLE `tb_petugas`
  MODIFY `id_petugas` int(11) NOT NULL AUTO_INCREMENT, AUTO_INCREMENT=23;

--
-- AUTO_INCREMENT for table `tb_rak`
--
ALTER TABLE `tb_rak`
  MODIFY `id_rak` int(11) NOT NULL AUTO_INCREMENT, AUTO_INCREMENT=6;

--
-- AUTO_INCREMENT for table `tb_sup`
--
ALTER TABLE `tb_sup`
  MODIFY `id_sup` int(11) NOT NULL AUTO_INCREMENT, AUTO_INCREMENT=10;
COMMIT;

/*!40101 SET CHARACTER_SET_CLIENT=@OLD_CHARACTER_SET_CLIENT */;
/*!40101 SET CHARACTER_SET_RESULTS=@OLD_CHARACTER_SET_RESULTS */;
/*!40101 SET COLLATION_CONNECTION=@OLD_COLLATION_CONNECTION */;
